<?xml version="1.0" encoding="utf-8" standalone="yes"?>
<rss version="2.0" xmlns:atom="http://www.w3.org/2005/Atom">
  <channel>
    <title>Anchorage/Lake Hood Air Traffic Control Tower on Anchorage ARTCC</title>
    <link>https://docs.vzanartcc.net/docs/terminal/panc/</link>
    <description>Recent content in Anchorage/Lake Hood Air Traffic Control Tower on Anchorage ARTCC</description>
    <generator>Hugo -- gohugo.io</generator>
    <language>en-us</language><atom:link href="https://docs.vzanartcc.net/docs/terminal/panc/index.xml" rel="self" type="application/rss+xml" />
  </channel>
</rss>
